{"cameraMode":{"drawMode":0,"name":"Shaded","section":"Shading Mode"},"sceneLighting":true,"audioPlay":false,"sceneViewState":{"showFog":true,"showMaterialUpdate":false,"showSkybox":true,"showFlares":true,"showImageEffects":true,"showParticleSystems":true},"in2DMode":false,"pivot":{"x":-5.029443264007568,"y":-3.2941222190856935,"z":-4.598745822906494},"rotation":{"x":0.14177973568439485,"y":-0.8231854438781738,"z":0.2347693145275116,"w":0.49713945388793948},"size":14.141569137573243,"orthographic":false}