{"cameraMode":{"drawMode":0,"name":"Shaded","section":"Shading Mode"},"sceneLighting":true,"audioPlay":false,"sceneViewState":{"showFog":true,"showMaterialUpdate":false,"showSkybox":true,"showFlares":true,"showImageEffects":true,"showParticleSystems":true},"in2DMode":false,"pivot":{"x":626.1453247070313,"y":-664.7725830078125,"z":-346.0730895996094},"rotation":{"x":-0.16958500444889069,"y":-0.8159668445587158,"z":0.2995586097240448,"w":-0.46509021520614626},"size":1391.5599365234375,"orthographic":false}