{"cameraMode":{"drawMode":0,"name":"Shaded","section":"Shading Mode"},"sceneLighting":true,"audioPlay":false,"sceneViewState":{"showFog":true,"showMaterialUpdate":false,"showSkybox":true,"showFlares":true,"showImageEffects":true,"showParticleSystems":true},"in2DMode":false,"pivot":{"x":712.7916870117188,"y":-544.9888916015625,"z":-377.6630554199219},"rotation":{"x":-0.14616923034191132,"y":-0.8273729681968689,"z":0.2539777159690857,"w":-0.4797764718532562},"size":1400.0482177734375,"orthographic":false}